model,class,feature,importance,abs_importance
logistic_regression_exp_h2h,A,cat__away_confederation_NON_FIFA,0.7041826251335204,0.7041826251335204
logistic_regression_exp_h2h,H,cat__away_confederation_NON_FIFA,-0.6683564303055158,0.6683564303055158
logistic_regression_exp_h2h,A,num__h2h_home_team_points_per_match_last5_filled,0.5598618554646636,0.5598618554646636
logistic_regression_exp_h2h,H,cat__home_confederation_NON_FIFA,0.5515926539946052,0.5515926539946052
logistic_regression_exp_h2h,A,cat__confederation_pair_NON_FIFA_vs_NON_FIFA,0.4638470322915027,0.4638470322915027
logistic_regression_exp_h2h,H,cat__confederation_pair_CONMEBOL_vs_UEFA,0.46053077033312306,0.46053077033312306
logistic_regression_exp_h2h,H,num__exp_points_per_match_prior_diff_filled,-0.43431343046369714,0.43431343046369714
logistic_regression_exp_h2h,H,num__confed_inter_goal_diff_per_match_diff_prior_filled,0.4125286608489386,0.4125286608489386
logistic_regression_exp_h2h,A,num__elo_diff,-0.41241094995800226,0.41241094995800226
logistic_regression_exp_h2h,A,num__elo_diff_pre,-0.41241094995800226,0.41241094995800226
logistic_regression_exp_h2h,H,num__h2h_home_team_points_per_match_last5_filled,-0.3974446519930843,0.3974446519930843
logistic_regression_exp_h2h,H,cat__away_confederation_OFC,0.39135547775093205,0.39135547775093205
logistic_regression_exp_h2h,H,cat__confederation_pair_AFC_vs_OFC,-0.38006025373483593,0.38006025373483593
logistic_regression_exp_h2h,H,num__away_exp_points_per_match_prior_filled,-0.37615144192676775,0.37615144192676775
logistic_regression_exp_h2h,H,num__elo_diff,0.3545791526804196,0.3545791526804196
logistic_regression_exp_h2h,H,num__elo_diff_pre,0.3545791526804196,0.3545791526804196
logistic_regression_exp_h2h,H,num__confed_goal_diff_per_match_diff_prior_filled,-0.353240351450547,0.353240351450547
logistic_regression_exp_h2h,A,num__h2h_home_team_win_rate_last5_filled,-0.3483162535378723,0.3483162535378723
logistic_regression_exp_h2h,D,num__weighted_goal_diff_delta_last10,-0.3470061310501612,0.3470061310501612
logistic_regression_exp_h2h,A,num__exp_points_per_match_prior_diff_filled,0.32178504086567633,0.32178504086567633
logistic_regression_exp_h2h,H,cat__away_confederation_UEFA,0.320781620844363,0.320781620844363
logistic_regression_exp_h2h,H,num__h2h_home_team_win_rate_last5_filled,0.31831042409040106,0.31831042409040106
logistic_regression_exp_h2h,D,cat__confederation_pair_CONMEBOL_vs_CONCACAF,-0.31829754403912547,0.31829754403912547
logistic_regression_exp_h2h,H,cat__host_confederation_CONCACAF,0.3178759591970288,0.3178759591970288
logistic_regression_exp_h2h,H,cat__host_confederation_CONMEBOL,0.2924477279368907,0.2924477279368907
logistic_regression_exp_h2h,D,cat__home_confederation_CAF,-0.2906005843779177,0.2906005843779177
logistic_regression_exp_h2h,H,cat__confederation_pair_UEFA_vs_AFC,0.28946578546371604,0.28946578546371604
logistic_regression_exp_h2h,A,num__exp_avg_tournament_importance_prior_diff_filled,0.2892181334223522,0.2892181334223522
logistic_regression_exp_h2h,D,cat__confederation_pair_NON_FIFA_vs_NON_FIFA,-0.2890572690844609,0.2890572690844609
logistic_regression_exp_h2h,A,cat__home_confederation_NON_FIFA,-0.28566326569182704,0.28566326569182704
logistic_regression_exp_h2h,H,cat__confederation_pair_CONCACAF_vs_UEFA,-0.28357611207122735,0.28357611207122735
logistic_regression_exp_h2h,A,cat__away_confederation_AFC,-0.2819560847180153,0.2819560847180153
logistic_regression_exp_h2h,H,cat__confederation_pair_infrequent_sklearn,0.2808668563769465,0.2808668563769465
logistic_regression_exp_h2h,H,num__exp_goal_diff_per_match_prior_diff_filled,-0.27336725006940515,0.27336725006940515
logistic_regression_exp_h2h,D,cat__host_confederation_OFC,0.2679936865294309,0.2679936865294309
logistic_regression_exp_h2h,A,num__avg_goal_diff_delta_last10,-0.2660545071707431,0.2660545071707431
logistic_regression_exp_h2h,D,cat__home_confederation_NON_FIFA,-0.2659293883027767,0.2659293883027767
logistic_regression_exp_h2h,H,cat__home_confederation_CONMEBOL,-0.26543214639519164,0.26543214639519164
logistic_regression_exp_h2h,D,cat__away_confederation_CAF,0.26519615933769985,0.26519615933769985
logistic_regression_exp_h2h,H,num__home_exp_points_per_match_prior_filled,0.26472228485474303,0.26472228485474303
logistic_regression_exp_h2h,A,cat__confederation_pair_CONMEBOL_vs_UEFA,-0.2628181360510766,0.2628181360510766
logistic_regression_exp_h2h,A,cat__confederation_pair_AFC_vs_CAF,0.2597916691965095,0.2597916691965095
logistic_regression_exp_h2h,D,cat__host_confederation_CONCACAF,-0.2594630666284949,0.2594630666284949
logistic_regression_exp_h2h,H,cat__away_confederation_CONMEBOL,-0.2564939806857936,0.2564939806857936
logistic_regression_exp_h2h,H,cat__home_confederation_CAF,0.254387704246102,0.254387704246102
logistic_regression_exp_h2h,A,num__away_exp_avg_tournament_importance_prior_filled,0.25316504032225295,0.25316504032225295
logistic_regression_exp_h2h,A,cat__away_confederation_CAF,-0.2518223331591152,0.2518223331591152
logistic_regression_exp_h2h,H,cat__confederation_pair_UEFA_vs_CONCACAF,-0.2501960726981687,0.2501960726981687
logistic_regression_exp_h2h,D,cat__home_confederation_CONMEBOL,0.24873056780346003,0.24873056780346003
logistic_regression_exp_h2h,A,cat__confederation_pair_UEFA_vs_CAF,0.2464978565322626,0.2464978565322626
logistic_regression_exp_h2h,D,cat__confederation_pair_CONCACAF_vs_UEFA,0.24164411853934406,0.24164411853934406
logistic_regression_exp_h2h,A,cat__confederation_pair_CAF_vs_CAF,-0.2405889954931372,0.2405889954931372
logistic_regression_exp_h2h,A,num__away_exp_points_per_match_prior_filled,0.23911713128996942,0.23911713128996942
logistic_regression_exp_h2h,D,cat__confederation_pair_AFC_vs_OFC,0.23786540530129388,0.23786540530129388
logistic_regression_exp_h2h,A,num__home_exp_points_per_match_prior_filled,-0.23645350246420394,0.23645350246420394
logistic_regression_exp_h2h,A,cat__confederation_pair_infrequent_sklearn,-0.23254855356935936,0.23254855356935936
logistic_regression_exp_h2h,A,cat__confederation_pair_AFC_vs_CONMEBOL,-0.2283950115895241,0.2283950115895241
logistic_regression_exp_h2h,A,cat__confederation_pair_AFC_vs_CONCACAF,-0.2264890483406167,0.2264890483406167
logistic_regression_exp_h2h,H,cat__host_confederation_NON_FIFA,-0.22414157940017687,0.22414157940017687
logistic_regression_exp_h2h,A,cat__away_confederation_UEFA,-0.22063736583529822,0.22063736583529822
logistic_regression_exp_h2h,H,num__home_exp_goal_diff_per_match_prior_filled,0.21858367238162987,0.21858367238162987
logistic_regression_exp_h2h,D,num__confed_goal_diff_per_match_diff_prior_filled,0.21846655177629723,0.21846655177629723
logistic_regression_exp_h2h,A,num__confed_inter_goal_diff_per_match_diff_prior_filled,-0.21725156108170696,0.21725156108170696
logistic_regression_exp_h2h,A,num__home_exp_avg_tournament_importance_prior_filled,-0.21566732660861834,0.21566732660861834
logistic_regression_exp_h2h,D,cat__confederation_pair_OFC_vs_OFC,0.21495182757893996,0.21495182757893996
logistic_regression_exp_h2h,A,num__fifa_rank_diff_filled,-0.21431915184475034,0.21431915184475034
logistic_regression_exp_h2h,A,cat__away_confederation_OFC,-0.21303003640932752,0.21303003640932752
logistic_regression_exp_h2h,D,num__avg_goal_diff_delta_last10,0.2109022511048558,0.2109022511048558
logistic_regression_exp_h2h,H,cat__confederation_pair_AFC_vs_CONCACAF,0.19926857705215906,0.19926857705215906
logistic_regression_exp_h2h,D,cat__confederation_pair_CONMEBOL_vs_UEFA,-0.19771263428205055,0.19771263428205055
logistic_regression_exp_h2h,H,num__exp_avg_tournament_importance_prior_diff_filled,-0.19541319769415838,0.19541319769415838
logistic_regression_exp_h2h,D,num__confed_inter_goal_diff_per_match_diff_prior_filled,-0.19527709976722915,0.19527709976722915
logistic_regression_exp_h2h,A,num__h2h_goal_diff_per_match_last5_filled,-0.1917067291506222,0.1917067291506222
logistic_regression_exp_h2h,D,cat__confederation_pair_CAF_vs_CAF,0.19102630130519135,0.19102630130519135
logistic_regression_exp_h2h,H,num__weighted_goal_diff_delta_last10,0.19002171326991596,0.19002171326991596
logistic_regression_exp_h2h,A,cat__confederation_pair_UEFA_vs_AFC,-0.1863721686826624,0.1863721686826624
logistic_regression_exp_h2h,A,cat__confederation_pair_CONMEBOL_vs_CONCACAF,0.18551934738969916,0.18551934738969916
logistic_regression_exp_h2h,H,cat__confederation_pair_UEFA_vs_CAF,-0.18530374713155143,0.18530374713155143
logistic_regression_exp_h2h,A,num__confed_points_per_match_diff_prior_filled,-0.185006529722443,0.185006529722443
logistic_regression_exp_h2h,H,cat__host_confederation_CAF,-0.18446264185149694,0.18446264185149694
logistic_regression_exp_h2h,A,cat__confederation_pair_OFC_vs_OFC,-0.1840813495597812,0.1840813495597812
logistic_regression_exp_h2h,A,cat__host_confederation_CONMEBOL,-0.18340804888459158,0.18340804888459158
logistic_regression_exp_h2h,A,cat__confederation_pair_CAF_vs_AFC,-0.18088297174625137,0.18088297174625137
logistic_regression_exp_h2h,D,cat__away_confederation_OFC,-0.17832544134160358,0.17832544134160358
logistic_regression_exp_h2h,A,cat__home_confederation_OFC,0.17764515302960296,0.17764515302960296
logistic_regression_exp_h2h,A,num__exp_years_since_first_match_diff_filled,-0.1774767770510426,0.1774767770510426
logistic_regression_exp_h2h,H,cat__confederation_pair_CONCACAF_vs_CONMEBOL,-0.17678783151095717,0.17678783151095717
logistic_regression_exp_h2h,H,cat__confederation_pair_CONMEBOL_vs_CONMEBOL,0.1762449496058212,0.1762449496058212
logistic_regression_exp_h2h,H,num__away_exp_goal_diff_per_match_prior_filled,-0.17565364272321737,0.17565364272321737
logistic_regression_exp_h2h,H,cat__confederation_pair_NON_FIFA_vs_NON_FIFA,-0.1747897632070426,0.1747897632070426
logistic_regression_exp_h2h,D,cat__away_confederation_CONCACAF,-0.16780267072698798,0.16780267072698798
logistic_regression_exp_h2h,H,cat__home_confederation_CONCACAF,-0.1677960638106586,0.1677960638106586
logistic_regression_exp_h2h,A,num__neutral,0.16689681131382725,0.16689681131382725
logistic_regression_exp_h2h,H,cat__confederation_pair_UEFA_vs_CONMEBOL,-0.16653319953353518,0.16653319953353518
logistic_regression_exp_h2h,H,num__home_exp_avg_tournament_importance_prior_filled,0.16640627846004796,0.16640627846004796
logistic_regression_exp_h2h,H,num__fifa_rank_diff_filled,0.16594075408136122,0.16594075408136122
logistic_regression_exp_h2h,A,num__away_exp_years_since_first_match_filled,-0.16541970834843486,0.16541970834843486
logistic_regression_exp_h2h,D,num__h2h_home_team_points_per_match_prior_filled,0.16532409367568837,0.16532409367568837
logistic_regression_exp_h2h,D,cat__confederation_pair_UEFA_vs_CONCACAF,0.16515576398153586,0.16515576398153586
logistic_regression_exp_h2h,D,num__h2h_home_team_points_per_match_last5_filled,-0.16241720347156727,0.16241720347156727
logistic_regression_exp_h2h,H,num__confed_points_per_match_diff_prior_filled,0.1616746483669243,0.1616746483669243
logistic_regression_exp_h2h,D,cat__home_confederation_CONCACAF,0.1608052299350726,0.1608052299350726
logistic_regression_exp_h2h,H,cat__confederation_pair_CAF_vs_AFC,0.15786299466675663,0.15786299466675663
logistic_regression_exp_h2h,A,num__weighted_goal_diff_delta_last10,0.15698441778024153,0.15698441778024153
logistic_regression_exp_h2h,A,cat__host_confederation_UEFA,0.15684870848030513,0.15684870848030513
logistic_regression_exp_h2h,A,num__fifa_points_diff_filled,0.14521939964588615,0.14521939964588615
logistic_regression_exp_h2h,H,cat__confederation_pair_AFC_vs_CAF,-0.14521268349109812,0.14521268349109812
logistic_regression_exp_h2h,H,num__neutral,-0.1451351255990736,0.1451351255990736
logistic_regression_exp_h2h,A,num__weighted_goal_diff_delta_last5,-0.14489029102467976,0.14489029102467976
logistic_regression_exp_h2h,H,cat__away_confederation_AFC,0.1431196160815751,0.1431196160815751
logistic_regression_exp_h2h,A,cat__confederation_pair_AFC_vs_OFC,0.14219484843354654,0.14219484843354654
logistic_regression_exp_h2h,A,cat__host_confederation_OFC,-0.1420812845832341,0.1420812845832341
logistic_regression_exp_h2h,A,num__exp_goal_diff_per_match_prior_diff_filled,0.14116338515300686,0.14116338515300686
logistic_regression_exp_h2h,D,cat__home_confederation_UEFA,0.14067397787261723,0.14067397787261723
logistic_regression_exp_h2h,H,num__weighted_form_points_diff_last10,-0.13897932823755207,0.13897932823755207
logistic_regression_exp_h2h,D,cat__away_confederation_AFC,0.13883646863644333,0.13883646863644333
logistic_regression_exp_h2h,H,cat__confederation_pair_AFC_vs_CONMEBOL,0.13876390490185778,0.13876390490185778
logistic_regression_exp_h2h,D,num__away_exp_avg_tournament_importance_prior_filled,-0.13749928040379228,0.13749928040379228
logistic_regression_exp_h2h,D,num__away_exp_points_per_match_prior_filled,0.13703431063680116,0.13703431063680116
logistic_regression_exp_h2h,D,num__weighted_form_points_diff_last10,0.13564249951613455,0.13564249951613455
logistic_regression_exp_h2h,A,num__confed_goal_diff_per_match_diff_prior_filled,0.1347737996742505,0.1347737996742505
logistic_regression_exp_h2h,H,cat__home_confederation_OFC,-0.1347336289533531,0.1347336289533531
logistic_regression_exp_h2h,A,cat__away_confederation_CONMEBOL,0.13374441587936986,0.13374441587936986
logistic_regression_exp_h2h,H,cat__confederation_pair_CONMEBOL_vs_CONCACAF,0.1327781966494232,0.1327781966494232
logistic_regression_exp_h2h,D,num__exp_goal_diff_per_match_prior_diff_filled,0.13220386491640104,0.13220386491640104
logistic_regression_exp_h2h,D,num__away_exp_goal_diff_per_match_prior_filled,0.13175026022205621,0.13175026022205621
logistic_regression_exp_h2h,D,num__h2h_goal_diff_per_match_last5_filled,0.1317360734829518,0.1317360734829518
logistic_regression_exp_h2h,A,num__win_rate_diff_last10,0.1314094998969792,0.1314094998969792
logistic_regression_exp_h2h,D,cat__host_confederation_NON_FIFA,0.13136762354127507,0.13136762354127507
logistic_regression_exp_h2h,H,cat__home_confederation_UEFA,-0.1299012451471284,0.1299012451471284
logistic_regression_exp_h2h,D,num__elo_prob_home_win_proxy,-0.12780341417490937,0.12780341417490937
logistic_regression_exp_h2h,H,cat__host_confederation_OFC,-0.12591240194619563,0.12591240194619563
logistic_regression_exp_h2h,A,num__away_exp_major_points_per_match_prior_filled,0.12479196717215289,0.12479196717215289
logistic_regression_exp_h2h,A,num__h2h_home_team_points_per_match_prior_filled,-0.12302467859971615,0.12302467859971615
logistic_regression_exp_h2h,D,cat__away_confederation_CONMEBOL,0.1227495648064264,0.1227495648064264
logistic_regression_exp_h2h,H,cat__confederation_pair_AFC_vs_AFC,0.12263401896017301,0.12263401896017301
logistic_regression_exp_h2h,D,num__exp_major_points_per_match_prior_diff_filled,0.12234674802274861,0.12234674802274861
logistic_regression_exp_h2h,H,cat__home_confederation_AFC,-0.12054832203971938,0.12054832203971938
logistic_regression_exp_h2h,D,num__h2h_goals_for_per_match_prior_filled,-0.11957423751201741,0.11957423751201741
logistic_regression_exp_h2h,A,num__home_exp_goal_diff_per_match_prior_filled,-0.116820971108649,0.116820971108649
logistic_regression_exp_h2h,A,cat__confederation_pair_UEFA_vs_CONMEBOL,0.11650164096453199,0.11650164096453199
logistic_regression_exp_h2h,H,cat__host_confederation_UEFA,-0.11635656611907395,0.11635656611907395
logistic_regression_exp_h2h,H,num__fifa_points_diff_filled,-0.11593290817315945,0.11593290817315945
logistic_regression_exp_h2h,H,num__away_exp_avg_tournament_importance_prior_filled,-0.11566575991846421,0.11566575991846421
logistic_regression_exp_h2h,D,cat__confederation_pair_AFC_vs_CAF,-0.11457898570541072,0.11457898570541072
logistic_regression_exp_h2h,A,cat__confederation_pair_CONCACAF_vs_CONMEBOL,0.11376965773735498,0.11376965773735498
logistic_regression_exp_h2h,D,num__exp_points_per_match_prior_diff_filled,0.11252838959803291,0.11252838959803291
logistic_regression_exp_h2h,D,num__away_exp_years_since_first_match_filled,0.11078790815760092,0.11078790815760092
logistic_regression_exp_h2h,A,num__h2h_draws_prior,-0.11051544424709563,0.11051544424709563
logistic_regression_exp_h2h,H,num__exp_years_since_first_match_diff_filled,0.11035082646562043,0.11035082646562043
logistic_regression_exp_h2h,D,cat__host_confederation_CONMEBOL,-0.1090396790522972,0.1090396790522972
logistic_regression_exp_h2h,D,num__h2h_same_family_matches_prior,-0.10782198148486007,0.10782198148486007
logistic_regression_exp_h2h,H,num__exp_major_points_per_match_prior_diff_filled,-0.10756795700093652,0.10756795700093652
logistic_regression_exp_h2h,H,num__exp_major_goal_diff_per_match_prior_diff_filled,0.10705792369934046,0.10705792369934046
logistic_regression_exp_h2h,A,cat__confederation_pair_AFC_vs_UEFA,0.10653463417002858,0.10653463417002858
logistic_regression_exp_h2h,D,num__h2h_draws_prior,0.10651042804345083,0.10651042804345083
logistic_regression_exp_h2h,D,num__away_exp_total_matches_prior,-0.10397028667080876,0.10397028667080876
logistic_regression_exp_h2h,D,cat__confederation_pair_UEFA_vs_AFC,-0.10309361678105847,0.10309361678105847
logistic_regression_exp_h2h,D,num__win_rate_diff_last10,-0.10292571055006927,0.10292571055006927
logistic_regression_exp_h2h,D,num__home_exp_goal_diff_per_match_prior_filled,-0.10176270127298359,0.10176270127298359
logistic_regression_exp_h2h,A,num__both_teams_have_major_tournament_history,-0.10071451930430525,0.10071451930430525
logistic_regression_exp_h2h,D,cat__away_confederation_UEFA,-0.10014425500906136,0.10014425500906136
logistic_regression_exp_h2h,A,cat__away_confederation_CONCACAF,0.09726619633928499,0.09726619633928499
logistic_regression_exp_h2h,D,num__h2h_same_tournament_matches_prior,0.09671900168164811,0.09671900168164811
logistic_regression_exp_h2h,D,cat__confederation_pair_AFC_vs_AFC,-0.09562989710923413,0.09562989710923413
logistic_regression_exp_h2h,D,cat__home_confederation_AFC,0.09391535202071251,0.09391535202071251
logistic_regression_exp_h2h,D,num__exp_avg_tournament_importance_prior_diff_filled,-0.09380493572819079,0.09380493572819079
logistic_regression_exp_h2h,H,cat__confederation_pair_CONCACAF_vs_CONCACAF,-0.09370129513087097,0.09370129513087097
logistic_regression_exp_h2h,A,cat__host_confederation_NON_FIFA,0.09277395585889898,0.09277395585889898
logistic_regression_exp_h2h,H,num__h2h_same_family_matches_prior,0.09276743974942062,0.09276743974942062
logistic_regression_exp_h2h,A,cat__host_confederation_CAF,0.09250062413170028,0.09250062413170028
logistic_regression_exp_h2h,D,cat__host_confederation_CAF,0.09196201771979476,0.09196201771979476
logistic_regression_exp_h2h,D,cat__confederation_pair_CONMEBOL_vs_CONMEBOL,-0.09172223853513274,0.09172223853513274
logistic_regression_exp_h2h,D,cat__confederation_pair_AFC_vs_CONMEBOL,0.08963110668766804,0.08963110668766804
logistic_regression_exp_h2h,D,num__away_exp_major_points_per_match_prior_filled,-0.08639170920839366,0.08639170920839366
logistic_regression_exp_h2h,D,num__is_friendly,0.08564157279825338,0.08564157279825338
logistic_regression_exp_h2h,A,cat__confederation_pair_UEFA_vs_CONCACAF,0.08504030871662965,0.08504030871662965
logistic_regression_exp_h2h,A,cat__confederation_pair_CONMEBOL_vs_CONMEBOL,-0.08452271107069019,0.08452271107069019
logistic_regression_exp_h2h,A,num__home_exp_years_since_first_match_filled,0.08292034969528178,0.08292034969528178
logistic_regression_exp_h2h,A,num__elo_prob_home_win_proxy,0.0814527695891364,0.0814527695891364
logistic_regression_exp_h2h,H,num__h2h_same_tournament_matches_prior,-0.08035807700700168,0.08035807700700168
logistic_regression_exp_h2h,D,cat__confederation_pair_CONCACAF_vs_CONCACAF,0.07985569715230105,0.07985569715230105
logistic_regression_exp_h2h,H,num__away_exp_same_tournament_matches_prior,0.07851739487858533,0.07851739487858533
logistic_regression_exp_h2h,H,cat__confederation_pair_UEFA_vs_UEFA,-0.07743647404683375,0.07743647404683375
logistic_regression_exp_h2h,D,num__h2h_goal_diff_per_match_prior_filled,-0.07738600679989835,0.07738600679989835
logistic_regression_exp_h2h,H,num__weighted_goal_diff_delta_last5,0.07736989173118405,0.07736989173118405
logistic_regression_exp_h2h,D,num__home_exp_total_matches_prior,-0.07616437377060079,0.07616437377060079
logistic_regression_exp_h2h,H,num__win_rate_diff_last5,0.0748247333343967,0.0748247333343967
logistic_regression_exp_h2h,D,num__both_teams_have_major_tournament_history,0.07252400920091491,0.07252400920091491
logistic_regression_exp_h2h,A,num__h2h_goals_for_per_match_prior_filled,0.07177021443863732,0.07177021443863732
logistic_regression_exp_h2h,A,num__exp_world_cup_matches_prior_diff,-0.0715553818434618,0.0715553818434618
logistic_regression_exp_h2h,A,num__h2h_home_team_losses_prior,0.07135071168926624,0.07135071168926624
logistic_regression_exp_h2h,A,num__exp_same_tournament_matches_prior_diff,0.07116767317226005,0.07116767317226005
logistic_regression_exp_h2h,H,cat__away_confederation_CONCACAF,0.07053647438770264,0.07053647438770264
logistic_regression_exp_h2h,D,num__home_exp_major_points_per_match_prior_filled,-0.06947780006195357,0.06947780006195357
logistic_regression_exp_h2h,A,num__has_h2h_history,-0.06876982423036938,0.06876982423036938
logistic_regression_exp_h2h,A,num__has_h2h_last5,-0.06876982423036938,0.06876982423036938
logistic_regression_exp_h2h,D,num__weighted_goal_diff_delta_last5,0.06752039929349699,0.06752039929349699
logistic_regression_exp_h2h,D,num__exp_years_since_first_match_diff_filled,0.06712595058542217,0.06712595058542217
logistic_regression_exp_h2h,A,num__home_exp_major_points_per_match_prior_filled,0.06549816680754918,0.06549816680754918
logistic_regression_exp_h2h,A,num__weighted_form_points_diff_last5,0.06311862978312494,0.06311862978312494
logistic_regression_exp_h2h,D,cat__confederation_pair_CONCACAF_vs_CONMEBOL,0.0630181737736029,0.0630181737736029
logistic_regression_exp_h2h,D,num__exp_major_goal_diff_per_match_prior_diff_filled,-0.06216989306532071,0.06216989306532071
logistic_regression_exp_h2h,H,num__exp_same_tournament_matches_prior_diff,-0.061394457820336416,0.061394457820336416
logistic_regression_exp_h2h,D,cat__confederation_pair_UEFA_vs_CAF,-0.06119410940071489,0.06119410940071489
logistic_regression_exp_h2h,H,num__h2h_goal_diff_per_match_last5_filled,0.05997065566766534,0.05997065566766534
logistic_regression_exp_h2h,H,num__away_exp_same_family_matches_prior,-0.05890204502905066,0.05890204502905066
logistic_regression_exp_h2h,A,cat__host_confederation_CONCACAF,-0.05841289256852864,0.05841289256852864
logistic_regression_exp_h2h,A,num__away_exp_major_goal_diff_per_match_prior_filled,-0.05786943806075374,0.05786943806075374
logistic_regression_exp_h2h,D,num__elo_diff_pre,0.05783179727758529,0.05783179727758529
logistic_regression_exp_h2h,D,num__elo_diff,0.05783179727758529,0.05783179727758529
logistic_regression_exp_h2h,D,num__away_exp_qualifier_matches_prior,0.05756562168434917,0.05756562168434917
logistic_regression_exp_h2h,H,num__form_points_per_match_diff_last10,-0.05749869432677849,0.05749869432677849
logistic_regression_exp_h2h,A,num__exp_same_family_matches_prior_diff,-0.0564630736078152,0.0564630736078152
logistic_regression_exp_h2h,D,num__win_rate_diff_last5,-0.056066470492695225,0.056066470492695225
logistic_regression_exp_h2h,H,cat__confederation_pair_AFC_vs_UEFA,-0.0559418857279682,0.0559418857279682
logistic_regression_exp_h2h,A,num__exp_major_recency_advantage_filled,-0.055205963859927085,0.055205963859927085
logistic_regression_exp_h2h,H,num__avg_goal_diff_delta_last10,0.05515225606588547,0.05515225606588547
logistic_regression_exp_h2h,H,num__away_exp_years_since_first_match_filled,0.05463180019083442,0.05463180019083442
logistic_regression_exp_h2h,H,num__same_confederation,-0.05354380087737173,0.05354380087737173
logistic_regression_exp_h2h,A,num__away_exp_total_matches_prior,0.05272574939611931,0.05272574939611931
logistic_regression_exp_h2h,A,num__away_exp_same_family_matches_prior,0.05248024284249908,0.05248024284249908
logistic_regression_exp_h2h,H,num__confed_avg_elo_diff_prior_filled,-0.0517179529825951,0.0517179529825951
logistic_regression_exp_h2h,H,num__away_exp_total_matches_prior,0.051244537274693115,0.051244537274693115
logistic_regression_exp_h2h,A,num__home_exp_world_cup_matches_prior,-0.05123496662978478,0.05123496662978478
logistic_regression_exp_h2h,H,num__exp_major_recency_advantage_filled,0.050833224343846,0.050833224343846
logistic_regression_exp_h2h,D,cat__confederation_pair_AFC_vs_UEFA,-0.050592748442059625,0.050592748442059625
logistic_regression_exp_h2h,D,cat__confederation_pair_UEFA_vs_CONMEBOL,0.05003155856900181,0.05003155856900181
logistic_regression_exp_h2h,H,cat__confederation_pair_CAF_vs_CAF,0.049562694187942825,0.049562694187942825
logistic_regression_exp_h2h,H,num__away_exp_qualifier_matches_prior,-0.049342844914173595,0.049342844914173595
logistic_regression_exp_h2h,D,num__home_exp_avg_tournament_importance_prior_filled,0.04926104814856114,0.04926104814856114
logistic_regression_exp_h2h,D,num__confed_inter_points_per_match_diff_prior_filled,0.04906197369043929,0.04906197369043929
logistic_regression_exp_h2h,A,num__same_confederation,0.04869119863231093,0.04869119863231093
logistic_regression_exp_h2h,D,num__fifa_rank_diff_filled,0.04837839776339184,0.04837839776339184
logistic_regression_exp_h2h,D,num__away_exp_major_goal_diff_per_match_prior_filled,0.048363138525765306,0.048363138525765306
logistic_regression_exp_h2h,D,cat__confederation_pair_infrequent_sklearn,-0.04831830280758303,0.04831830280758303
logistic_regression_exp_h2h,H,num__h2h_goals_for_per_match_prior_filled,0.04780402307338325,0.04780402307338325
logistic_regression_exp_h2h,D,num__exp_continental_matches_prior_diff,-0.04753553427612152,0.04753553427612152
logistic_regression_exp_h2h,H,num__elo_prob_home_win_proxy,0.04635064458577244,0.04635064458577244
logistic_regression_exp_h2h,A,cat__confederation_pair_UEFA_vs_UEFA,0.04597589824191918,0.04597589824191918
logistic_regression_exp_h2h,A,num__exp_major_goal_diff_per_match_prior_diff_filled,-0.044888030634015565,0.044888030634015565
logistic_regression_exp_h2h,H,num__h2h_home_team_losses_prior,-0.04486631270104319,0.04486631270104319
logistic_regression_exp_h2h,D,num__home_exp_years_since_first_match_filled,-0.04416030682683596,0.04416030682683596
logistic_regression_exp_h2h,A,num__away_exp_goal_diff_per_match_prior_filled,0.04390338250115909,0.04390338250115909
logistic_regression_exp_h2h,A,num__is_friendly,-0.04354951258043689,0.04354951258043689
logistic_regression_exp_h2h,A,num__confed_avg_elo_diff_prior_filled,0.04323288747022468,0.04323288747022468
logistic_regression_exp_h2h,D,cat__home_confederation_OFC,-0.04291152407625319,0.04291152407625319
logistic_regression_exp_h2h,A,num__confed_inter_points_per_match_diff_prior_filled,-0.042770135876602194,0.042770135876602194
logistic_regression_exp_h2h,D,num__home_exp_qualifier_matches_prior,0.04250771713174666,0.04250771713174666
logistic_regression_exp_h2h,D,num__away_days_since_last_match_last5,-0.04248887781137071,0.04248887781137071
logistic_regression_exp_h2h,H,num__h2h_home_team_points_per_match_prior_filled,-0.04229941507596915,0.04229941507596915
logistic_regression_exp_h2h,H,num__h2h_goal_diff_per_match_prior_filled,0.04212633720848113,0.04212633720848113
logistic_regression_exp_h2h,H,num__is_friendly,-0.04209206021781383,0.04209206021781383
logistic_regression_exp_h2h,A,cat__confederation_pair_CONCACAF_vs_UEFA,0.04193199353188004,0.04193199353188004
logistic_regression_exp_h2h,H,num__home_exp_total_matches_prior,0.041521460803702656,0.041521460803702656
logistic_regression_exp_h2h,D,num__home_exp_same_tournament_matches_prior,-0.04095823105037978,0.04095823105037978
logistic_regression_exp_h2h,D,num__away_confed_matches_host_confed,-0.040596943967845904,0.040596943967845904
logistic_regression_exp_h2h,D,cat__host_confederation_UEFA,-0.04049214236122436,0.04049214236122436
logistic_regression_exp_h2h,D,num__h2h_days_since_last_meeting_filled,-0.04040039656355348,0.04040039656355348
logistic_regression_exp_h2h,H,num__weighted_form_points_diff_last5,-0.04013289064486989,0.04013289064486989
logistic_regression_exp_h2h,H,num__has_h2h_history,0.040129969789589874,0.040129969789589874
logistic_regression_exp_h2h,H,num__has_h2h_last5,0.040129969789589874,0.040129969789589874
logistic_regression_exp_h2h,A,num__away_exp_same_tournament_matches_prior,-0.03945612919048336,0.03945612919048336
logistic_regression_exp_h2h,D,num__away_exp_same_tournament_matches_prior,-0.03906126568810379,0.03906126568810379
logistic_regression_exp_h2h,H,num__home_exp_years_since_first_match_filled,-0.03876004286844087,0.03876004286844087
logistic_regression_exp_h2h,A,num__home_exp_major_goal_diff_per_match_prior_filled,0.038712977852504056,0.038712977852504056
logistic_regression_exp_h2h,H,num__exp_world_cup_matches_prior_diff,0.03863838784564216,0.03863838784564216
logistic_regression_exp_h2h,H,num__away_exp_major_points_per_match_prior_filled,-0.038400257963758615,0.038400257963758615
logistic_regression_exp_h2h,H,num__home_confed_matches_host_confed,0.0381756292664775,0.0381756292664775
logistic_regression_exp_h2h,D,num__exp_same_family_matches_prior_diff,0.03796979497616597,0.03796979497616597
logistic_regression_exp_h2h,A,num__exp_nations_league_matches_prior_diff,0.037764791307179454,0.037764791307179454
logistic_regression_exp_h2h,D,cat__host_confederation_AFC,-0.03764480887356787,0.03764480887356787
logistic_regression_exp_h2h,D,num__home_exp_same_family_matches_prior,0.03734728441650343,0.03734728441650343
logistic_regression_exp_h2h,A,num__exp_continental_matches_prior_diff,0.036868660857142986,0.036868660857142986
logistic_regression_exp_h2h,H,num__is_continental,-0.03664469816842601,0.03664469816842601
logistic_regression_exp_h2h,H,num__away_confed_matches_host_confed,0.03622786835796106,0.03622786835796106
logistic_regression_exp_h2h,A,cat__home_confederation_CAF,0.036212880131805424,0.036212880131805424
logistic_regression_exp_h2h,D,cat__away_confederation_NON_FIFA,-0.035826194827995386,0.035826194827995386
logistic_regression_exp_h2h,H,num__home_exp_qualifier_matches_prior,-0.03575940805833174,0.03575940805833174
logistic_regression_exp_h2h,A,num__h2h_goal_diff_per_match_prior_filled,0.03525966959142184,0.03525966959142184
logistic_regression_exp_h2h,H,num__home_exp_same_family_matches_prior,-0.035060622611882516,0.035060622611882516
logistic_regression_exp_h2h,A,num__home_exp_total_matches_prior,0.034642912966897574,0.034642912966897574
logistic_regression_exp_h2h,A,num__home_confed_matches_host_confed,-0.03298917882597901,0.03298917882597901
logistic_regression_exp_h2h,D,num__away_exp_continental_matches_prior,0.03292644102950833,0.03292644102950833
logistic_regression_exp_h2h,D,num__exp_world_cup_matches_prior_diff,0.032916993997817855,0.032916993997817855
logistic_regression_exp_h2h,H,num__home_exp_world_cup_matches_prior,0.032537257154792706,0.032537257154792706
logistic_regression_exp_h2h,D,num__form_points_per_match_diff_last10,0.03220952419373045,0.03220952419373045
logistic_regression_exp_h2h,H,num__exp_nations_league_matches_prior_diff,-0.031873936730225816,0.031873936730225816
logistic_regression_exp_h2h,D,cat__confederation_pair_UEFA_vs_UEFA,0.031460575804915805,0.031460575804915805
logistic_regression_exp_h2h,H,cat__confederation_pair_OFC_vs_OFC,-0.030870478019159563,0.030870478019159563
logistic_regression_exp_h2h,H,num__avg_goal_diff_delta_last5,-0.030569939823071154,0.030569939823071154
logistic_regression_exp_h2h,A,num__away_exp_world_cup_matches_prior,0.030381816742489687,0.030381816742489687
logistic_regression_exp_h2h,D,num__h2h_home_team_win_rate_last5_filled,0.030005829447480037,0.030005829447480037
logistic_regression_exp_h2h,D,num__fifa_points_diff_filled,-0.029286491472728073,0.029286491472728073
logistic_regression_exp_h2h,A,num__h2h_matches_last5,-0.029116148374961497,0.029116148374961497
logistic_regression_exp_h2h,D,num__has_h2h_last5,0.02863985444078121,0.02863985444078121
logistic_regression_exp_h2h,D,num__has_h2h_history,0.02863985444078121,0.02863985444078121
logistic_regression_exp_h2h,H,num__win_rate_diff_last10,-0.028483789346907377,0.028483789346907377
logistic_regression_exp_h2h,D,num__away_exp_nations_league_matches_prior,0.028308877387593925,0.028308877387593925
logistic_regression_exp_h2h,D,num__home_exp_points_per_match_prior_filled,-0.028268782390537806,0.028268782390537806
logistic_regression_exp_h2h,H,num__both_teams_have_major_tournament_history,0.028190510103392352,0.028190510103392352
logistic_regression_exp_h2h,H,cat__host_confederation_AFC,0.028118454077692867,0.028118454077692867
logistic_regression_exp_h2h,D,cat__confederation_pair_AFC_vs_CONCACAF,0.027220471288461945,0.027220471288461945
logistic_regression_exp_h2h,H,num__away_days_since_last_match_last5,0.027115645961717335,0.027115645961717335
logistic_regression_exp_h2h,A,cat__confederation_pair_AFC_vs_AFC,-0.027004121850936685,0.027004121850936685
logistic_regression_exp_h2h,A,cat__home_confederation_AFC,0.026632970019006184,0.026632970019006184
logistic_regression_exp_h2h,D,num__h2h_home_team_losses_prior,-0.026484398988225185,0.026484398988225185
logistic_regression_exp_h2h,D,num__home_exp_nations_league_matches_prior,0.025948451612237546,0.025948451612237546
logistic_regression_exp_h2h,H,num__form_points_per_match_diff_last5,-0.025826625417529173,0.025826625417529173
logistic_regression_exp_h2h,A,num__form_points_per_match_diff_last10,0.0252891701330531,0.0252891701330531
logistic_regression_exp_h2h,D,num__is_continental,0.025163171363164927,0.025163171363164927
logistic_regression_exp_h2h,H,num__exp_major_matches_prior_diff,0.02439037577884411,0.02439037577884411
logistic_regression_exp_h2h,H,num__exp_high_importance_matches_prior_diff,0.02439037577884411,0.02439037577884411
logistic_regression_exp_h2h,A,num__is_qualifier,-0.02371157669148184,0.02371157669148184
logistic_regression_exp_h2h,D,num__confed_points_per_match_diff_prior_filled,0.023331881355516875,0.023331881355516875
logistic_regression_exp_h2h,D,cat__confederation_pair_CAF_vs_AFC,0.023019977079492583,0.023019977079492583
logistic_regression_exp_h2h,D,num__weighted_form_points_diff_last5,-0.02298573913825414,0.02298573913825414
logistic_regression_exp_h2h,H,num__h2h_matches_last5,0.022793684990098453,0.022793684990098453
logistic_regression_exp_h2h,A,num__away_exp_continental_matches_prior,-0.02265805405070224,0.02265805405070224
logistic_regression_exp_h2h,D,num__home_exp_major_goal_diff_per_match_prior_filled,-0.021809798094625913,0.021809798094625913
logistic_regression_exp_h2h,D,num__neutral,-0.02176168571475146,0.02176168571475146
logistic_regression_exp_h2h,A,num__home_exp_same_tournament_matches_prior,0.02160118314080767,0.02160118314080767
logistic_regression_exp_h2h,D,num__exp_total_matches_prior_diff,0.021207176521804448,0.021207176521804448
logistic_regression_exp_h2h,A,num__h2h_goals_against_per_match_prior_filled,0.02098543328276651,0.02098543328276651
logistic_regression_exp_h2h,A,num__away_exp_nations_league_matches_prior,-0.02078549845772871,0.02078549845772871
logistic_regression_exp_h2h,A,num__tournament_importance,0.02069812278669279,0.02069812278669279
logistic_regression_exp_h2h,A,num__h2h_days_since_last_meeting_filled,0.020450347573980506,0.020450347573980506
logistic_regression_exp_h2h,H,num__h2h_days_since_last_meeting_filled,0.01995004898957047,0.01995004898957047
logistic_regression_exp_h2h,D,num__exp_high_importance_matches_prior_diff,-0.019800432470512098,0.019800432470512098
logistic_regression_exp_h2h,D,num__exp_major_matches_prior_diff,-0.019800432470512098,0.019800432470512098
logistic_regression_exp_h2h,D,num__away_exp_world_cup_matches_prior,-0.019635841601372,0.019635841601372
logistic_regression_exp_h2h,H,num__home_exp_same_tournament_matches_prior,0.019357047909570935,0.019357047909570935
logistic_regression_exp_h2h,A,num__win_rate_diff_last5,-0.018758262841703423,0.018758262841703423
logistic_regression_exp_h2h,D,num__home_exp_world_cup_matches_prior,0.018697709474989863,0.018697709474989863
logistic_regression_exp_h2h,H,num__exp_same_family_matches_prior_diff,0.018493278631650362,0.018493278631650362
logistic_regression_exp_h2h,D,num__away_exp_major_matches_prior,0.018175878969371943,0.018175878969371943
logistic_regression_exp_h2h,D,num__away_exp_high_importance_matches_prior,0.018175878969371943,0.018175878969371943
logistic_regression_exp_h2h,H,num__home_exp_nations_league_matches_prior,-0.017755145800637983,0.017755145800637983
logistic_regression_exp_h2h,H,num__home_exp_major_goal_diff_per_match_prior_filled,-0.01690317975787406,0.01690317975787406
logistic_regression_exp_h2h,A,num__is_world_cup,0.01682715587186859,0.01682715587186859
logistic_regression_exp_h2h,A,cat__home_confederation_CONMEBOL,0.016701578591730715,0.016701578591730715
logistic_regression_exp_h2h,H,num__h2h_matches_prior,-0.01658826718316392,0.01658826718316392
logistic_regression_exp_h2h,A,num__avg_goal_diff_delta_last5,0.016551947696724013,0.016551947696724013
logistic_regression_exp_h2h,D,num__tournament_importance,-0.01646822410898667,0.01646822410898667
logistic_regression_exp_h2h,A,num__h2h_same_tournament_matches_prior,-0.016360924674650237,0.016360924674650237
logistic_regression_exp_h2h,A,num__away_days_since_last_match_last5,0.015373231849650771,0.015373231849650771
logistic_regression_exp_h2h,A,num__h2h_same_family_matches_prior,0.015054541735443593,0.015054541735443593
logistic_regression_exp_h2h,H,num__h2h_goals_against_per_match_prior_filled,-0.014943805286284228,0.014943805286284228
logistic_regression_exp_h2h,A,num__exp_major_points_per_match_prior_diff_filled,-0.014778791021809071,0.014778791021809071
logistic_regression_exp_h2h,D,num__exp_qualifier_matches_prior_diff,-0.014532883294887444,0.014532883294887444
logistic_regression_exp_h2h,A,num__exp_total_matches_prior_diff,-0.014416204978756418,0.014416204978756418
logistic_regression_exp_h2h,H,num__is_qualifier,0.01438491295740654,0.01438491295740654
logistic_regression_exp_h2h,D,num__avg_goal_diff_delta_last5,0.014017992126345448,0.014017992126345448
logistic_regression_exp_h2h,A,cat__confederation_pair_CONCACAF_vs_CONCACAF,0.013845597978570769,0.013845597978570769
logistic_regression_exp_h2h,D,num__home_exp_continental_matches_prior,-0.01364555771064905,0.01364555771064905
logistic_regression_exp_h2h,A,num__home_exp_continental_matches_prior,0.013500191766303876,0.013500191766303876
logistic_regression_exp_h2h,H,cat__away_confederation_CAF,-0.013373826178582456,0.013373826178582456
logistic_regression_exp_h2h,H,num__home_exp_major_matches_prior,0.013175260875951732,0.013175260875951732
logistic_regression_exp_h2h,H,num__home_exp_high_importance_matches_prior,0.013175260875951732,0.013175260875951732
logistic_regression_exp_h2h,H,num__exp_qualifier_matches_prior_diff,0.01315853700873802,0.01315853700873802
logistic_regression_exp_h2h,D,num__form_points_per_match_diff_last5,0.013094933287845806,0.013094933287845806
logistic_regression_exp_h2h,A,num__form_points_per_match_diff_last5,0.012731692129688122,0.012731692129688122
logistic_regression_exp_h2h,D,num__h2h_matches_prior,0.012627702524355966,0.012627702524355966
logistic_regression_exp_h2h,D,num__home_days_since_last_match_last5,0.012312179610361173,0.012312179610361173
logistic_regression_exp_h2h,H,num__away_exp_major_matches_prior,-0.011746238450975117,0.011746238450975117
logistic_regression_exp_h2h,H,num__away_exp_high_importance_matches_prior,-0.011746238450975117,0.011746238450975117
logistic_regression_exp_h2h,A,num__is_continental,0.011481526805260205,0.011481526805260205
logistic_regression_exp_h2h,D,num__h2h_home_team_wins_prior,-0.010841567605974274,0.010841567605974274
logistic_regression_exp_h2h,A,cat__home_confederation_UEFA,-0.01077273272548764,0.01077273272548764
logistic_regression_exp_h2h,A,num__home_exp_high_importance_matches_prior,-0.010770794683844833,0.010770794683844833
logistic_regression_exp_h2h,A,num__home_exp_major_matches_prior,-0.010770794683844833,0.010770794683844833
logistic_regression_exp_h2h,H,num__away_exp_world_cup_matches_prior,-0.010745975141114587,0.010745975141114587
logistic_regression_exp_h2h,H,num__exp_continental_matches_prior_diff,0.010666873418976245,0.010666873418976245
logistic_regression_exp_h2h,H,num__away_exp_continental_matches_prior,-0.010268386978803511,0.010268386978803511
logistic_regression_exp_h2h,D,num__exp_same_tournament_matches_prior_diff,-0.009773215351926573,0.009773215351926573
logistic_regression_exp_h2h,H,num__is_world_cup,-0.009567057404086832,0.009567057404086832
logistic_regression_exp_h2h,A,cat__host_confederation_AFC,0.009526354795875042,0.009526354795875042
logistic_regression_exp_h2h,H,num__away_exp_major_goal_diff_per_match_prior_filled,0.00950629953498838,0.00950629953498838
logistic_regression_exp_h2h,D,num__is_qualifier,0.009326663734075046,0.009326663734075046
logistic_regression_exp_h2h,D,num__confed_avg_elo_diff_prior_filled,0.008485065512370143,0.008485065512370143
logistic_regression_exp_h2h,A,num__h2h_home_team_wins_prior,0.008442186031973548,0.008442186031973548
logistic_regression_exp_h2h,A,num__away_exp_qualifier_matches_prior,-0.008222776770171013,0.008222776770171013
logistic_regression_exp_h2h,A,num__home_exp_nations_league_matches_prior,-0.008193305811597017,0.008193305811597017
logistic_regression_exp_h2h,H,num__away_exp_nations_league_matches_prior,-0.0075233789298637345,0.0075233789298637345
logistic_regression_exp_h2h,A,num__home_days_since_last_match_last5,-0.00746025748044609,0.00746025748044609
logistic_regression_exp_h2h,D,num__is_world_cup,-0.007260098467781701,0.007260098467781701
logistic_regression_exp_h2h,A,cat__home_confederation_CONCACAF,0.006990833875582547,0.006990833875582547
logistic_regression_exp_h2h,H,num__exp_total_matches_prior_diff,-0.006790971543044592,0.006790971543044592
logistic_regression_exp_h2h,A,num__home_exp_qualifier_matches_prior,-0.006748309073413703,0.006748309073413703
logistic_regression_exp_h2h,A,num__away_exp_major_matches_prior,-0.006429640518398672,0.006429640518398672
logistic_regression_exp_h2h,A,num__away_exp_high_importance_matches_prior,-0.006429640518398672,0.006429640518398672
logistic_regression_exp_h2h,D,num__away_exp_same_family_matches_prior,0.006421802186550584,0.006421802186550584
logistic_regression_exp_h2h,D,num__h2h_matches_last5,0.006322463384859599,0.006322463384859599
logistic_regression_exp_h2h,H,num__confed_inter_points_per_match_diff_prior_filled,-0.006291837813834683,0.006291837813834683
logistic_regression_exp_h2h,D,num__h2h_goals_against_per_match_prior_filled,-0.00604162799648343,0.00604162799648343
logistic_regression_exp_h2h,D,num__exp_nations_league_matches_prior_diff,-0.0058908545769519325,0.0058908545769519325
logistic_regression_exp_h2h,D,num__home_confed_matches_host_confed,-0.005186450440498818,0.005186450440498818
logistic_regression_exp_h2h,D,num__same_confederation,0.004852602245060534,0.004852602245060534
logistic_regression_exp_h2h,H,num__home_days_since_last_match_last5,-0.0048519221299171125,0.0048519221299171125
logistic_regression_exp_h2h,A,num__exp_major_matches_prior_diff,-0.004589943308329051,0.004589943308329051
logistic_regression_exp_h2h,A,num__exp_high_importance_matches_prior_diff,-0.004589943308329051,0.004589943308329051
logistic_regression_exp_h2h,D,num__exp_major_recency_advantage_filled,0.004372739516085035,0.004372739516085035
logistic_regression_exp_h2h,A,num__away_confed_matches_host_confed,0.004369075609884662,0.004369075609884662
logistic_regression_exp_h2h,H,num__tournament_importance,-0.004229898677705429,0.004229898677705429
logistic_regression_exp_h2h,H,num__h2h_draws_prior,0.0040050162036405395,0.0040050162036405395
logistic_regression_exp_h2h,H,num__home_exp_major_points_per_match_prior_filled,0.00397963325440785,0.00397963325440785
logistic_regression_exp_h2h,A,num__h2h_matches_prior,0.003960564658810982,0.003960564658810982
logistic_regression_exp_h2h,A,num__weighted_form_points_diff_last10,0.003336828721419002,0.003336828721419002
logistic_regression_exp_h2h,D,num__home_exp_high_importance_matches_prior,-0.002404466192109852,0.002404466192109852
logistic_regression_exp_h2h,D,num__home_exp_major_matches_prior,-0.002404466192109852,0.002404466192109852
logistic_regression_exp_h2h,H,num__h2h_home_team_wins_prior,0.0023993815740021946,0.0023993815740021946
logistic_regression_exp_h2h,A,num__home_exp_same_family_matches_prior,-0.002286661804620466,0.002286661804620466
logistic_regression_exp_h2h,A,num__exp_qualifier_matches_prior_diff,0.0013743462861516007,0.0013743462861516007
logistic_regression_exp_h2h,H,num__home_exp_continental_matches_prior,0.0001453659443442938,0.0001453659443442938
